"Turn on the living room lights.","Turning on the living room lights."
"Turn off the living room lights.","Turning off the living room lights."
"Dim the living room lights to 30%.","Dimming the living room lights to 30%."
"Increase the brightness of the living room lights.","Increasing brightness of the living room lights."
"Set the living room lights to maximum brightness.","Setting the living room lights to maximum brightness."
"What's the current brightness of the living room lights?","The living room lights are at 70% brightness."
"Turn on all the lights in the house.","Turning on all the lights in the house."
"Turn off all the lights in the house.","Turning off all the lights in the house."
"Set the thermostat to 72 degrees.","Setting the thermostat to 72 degrees."
"Increase the temperature by 3 degrees.","Increasing the temperature by 3 degrees."
"Decrease the temperature by 2 degrees.","Decreasing the temperature by 2 degrees."
"What's the current temperature?","The current temperature is 68°F."
"Set the bedroom temperature to 70 degrees.","Setting the bedroom temperature to 70°F."
"Turn on the heating.","Turning on the heating."
"Turn off the heating.","Turning off the heating."
"What's the current temperature in the bedroom?","The temperature in the bedroom is 70°F."
"Turn on the air conditioning.","Turning on the air conditioning."
"Turn off the air conditioning.","Turning off the air conditioning."
"What's the humidity in the living room?","The humidity in the living room is 45%."
"Set the humidity level to 50%.","Setting the humidity level to 50%."
"What's the air quality in the kitchen?","The air quality in the kitchen is good."
"Lock the front door.","Locking the front door."
"Unlock the front door.","Unlocking the front door."
"Is the front door locked?","Yes, the front door is locked."
"Is the back door locked?","No, the back door is not locked."
"Lock all doors in the house.","Locking all doors in the house."
"Unlock all doors in the house.","Unlocking all doors in the house."
"Open the garage door.","Opening the garage door."
"Close the garage door.","Closing the garage door."
"Is the garage door open?","Yes, the garage door is open."
"Turn on the kitchen lights.","Turning on the kitchen lights."
"Turn off the kitchen lights.","Turning off the kitchen lights."
"Dim the kitchen lights to 40%.","Dimming the kitchen lights to 40%."
"Turn on the hallway lights.","Turning on the hallway lights."
"Turn off the hallway lights.","Turning off the hallway lights."
"What's the current temperature in the kitchen?","The temperature in the kitchen is 68°F."
"Play music in the living room.","Playing music in the living room."
"Pause the music in the living room.","Pausing music in the living room."
"Skip the current song.","Skipping the current song."
"Play jazz music in the kitchen.","Playing jazz music in the kitchen."
"Play some relaxing music in the bedroom.","Playing relaxing music in the bedroom."
"Stop the music in the living room.","Stopping the music in the living room."
"Increase the volume in the living room.","Increasing the volume in the living room."
"Decrease the volume in the living room.","Decreasing the volume in the living room."
"Set the volume to 50% in the bedroom.","Setting the volume to 50% in the bedroom."
"What's playing in the living room?","Currently playing: 'Smooth Jazz' in the living room."
"What's the weather today?","The weather today is sunny with a high of 75°F."
"What's the forecast for tomorrow?","Tomorrow's forecast is partly cloudy with a high of 70°F."
"Is it going to rain today?","No, it is not going to rain today."
"What's the humidity outside?","The outside humidity is 55%."
"Turn on the robot vacuum.","Turning on the robot vacuum."
"Start cleaning the living room with the robot vacuum.","Starting to clean the living room with the robot vacuum."
"Stop the robot vacuum.","Stopping the robot vacuum."
"Send the robot vacuum back to the dock.","Sending the robot vacuum back to the dock."
"Is the robot vacuum currently cleaning?","Yes, the robot vacuum is currently cleaning."
"Turn on the coffee machine.","Turning on the coffee machine."
"Turn off the coffee machine.","Turning off the coffee machine."
"Start brewing coffee.","Starting to brew coffee."
"Is the coffee machine on?","Yes, the coffee machine is on."
"Boil water in the kitchen.","Boiling water in the kitchen."
"Preheat the oven to 350 degrees.","Preheating the oven to 350 degrees."
"Turn off the oven.","Turning off the oven."
"Is the oven on?","No, the oven is off."
"Turn on the dishwasher.","Turning on the dishwasher."
"Turn off the dishwasher.","Turning off the dishwasher."
"Is the dishwasher running?","Yes, the dishwasher is running."
"Start the laundry.","Starting the laundry."
"Turn off the washing machine.","Turning off the washing machine."
"Is the washing machine running?","No, the washing machine is not running."
"Set the alarm for 7 AM tomorrow.","Setting the alarm for 7 AM tomorrow."
"Cancel the 7 AM alarm.","Canceling the 7 AM alarm."
"What's the next alarm?","The next alarm is set for 7 AM tomorrow."
"Set a reminder to water the plants at 5 PM.","Setting a reminder to water the plants at 5 PM."
"Cancel the reminder to water the plants.","Canceling the reminder to water the plants."
"Turn on the bedroom fan.","Turning on the bedroom fan."
"Turn off the bedroom fan.","Turning off the bedroom fan."
"Set the bedroom fan to medium speed.","Setting the bedroom fan to medium speed."
"What's the current speed of the bedroom fan?","The bedroom fan is set to medium speed."
"Open the curtains in the living room.","Opening the curtains in the living room."
"Close the curtains in the bedroom.","Closing the curtains in the bedroom."
"Are the curtains in the living room open?","Yes, the curtains in the living room are open."
"Turn on the outdoor lights.","Turning on the outdoor lights."
"Turn off the outdoor lights.","Turning off the outdoor lights."
"What's the current energy usage?","The current energy usage is 1.2 kWh."
"What's the energy usage for today?","The total energy usage for today is 15.8 kWh."
"Turn on the sprinklers.","Turning on the sprinklers."
"Turn off the sprinklers.","Turning off the sprinklers."
"Are the sprinklers running?","No, the sprinklers are not running."
"Water the garden for 10 minutes.","Watering the garden for 10 minutes."
"Activate the 'movie night' routine.","Activating the 'movie night' routine."
"Start the 'good morning' routine at 6 AM tomorrow.","Starting the 'good morning' routine at 6 AM tomorrow."
"Set the house to vacation mode starting tomorrow.","Setting the house to vacation mode starting tomorrow."
"Activate the 'leave home' routine when I exit the garage.","Activating the 'leave home' routine when you exit the garage."
"Trigger the 'bedtime' routine and lock all doors.","Triggering the 'bedtime' routine and locking all doors."
"Disable all morning routines for tomorrow.","Disabling all morning routines for tomorrow."
"Start the 'workout' routine in the living room.","Starting the 'workout' routine in the living room."
"Schedule the 'clean house' routine to run every Friday at noon.","Scheduling the 'clean house' routine to run every Friday at noon."
"Set the 'weekend mode' to activate every Saturday at 9 AM.","Setting the 'weekend mode' to activate every Saturday at 9 AM."
"Run the 'goodbye' routine after 10 minutes.","Running the 'goodbye' routine in 10 minutes."
"Remind me to water the plants at 6 PM today.","Setting a reminder to water the plants at 6 PM today."
"Cancel all reminders for today.","Canceling all reminders for today."
"Set a recurring reminder to take out the trash every Monday night.","Setting a recurring reminder to take out the trash every Monday night."
"Create a shopping list and add milk, bread, and eggs.","Creating a shopping list and adding milk, bread, and eggs."
"What's on my to-do list for today?","Your to-do list for today includes: 1) Clean the garage, 2) Call the plumber, 3) Pick up groceries."
"Remind me to check the air filters every 3 months.","Setting a recurring reminder to check the air filters every 3 months."
"Send a reminder to Sarah to call me at 5 PM.","Sending a reminder to Sarah to call you at 5 PM."
"Move my 2 PM meeting to 3 PM tomorrow.","Rescheduling your 2 PM meeting to 3 PM tomorrow."
"Set a reminder to feed the dog every morning at 8 AM.","Setting a reminder to feed the dog every morning at 8 AM."
"Notify me when the laundry is done.","Setting a notification for when the laundry is done."
"How much energy has the house used today?","The house has used 12.5 kWh of energy today."
"Turn off all non-essential devices to save energy.","Turning off all non-essential devices to save energy."
"What's the power usage for the past week?","The power usage for the past week was 90.3 kWh."
"Set the house to energy-saving mode when I leave.","Setting the house to energy-saving mode when you leave."
"Turn off the water heater after 10 PM to save energy.","Turning off the water heater after 10 PM."
"Turn off all lights when energy usage reaches 5 kWh.","Turning off all lights when energy usage reaches 5 kWh."
"How much water did the sprinklers use today?","The sprinklers used 35 gallons of water today."
"Reduce the thermostat temperature by 5 degrees during peak hours.","Reducing the thermostat temperature by 5 degrees during peak hours."
"Set the hot water heater to turn off between 10 AM and 4 PM.","Setting the hot water heater to turn off between 10 AM and 4 PM."
"Send me an energy report every week.","Sending you a weekly energy report."
"Start the dishwasher when everyone leaves the house.","Starting the dishwasher when everyone leaves the house."
"Run the laundry in cold water and notify me when it's done.","Running the laundry in cold water and notifying you when it's done."
"Turn on the coffee machine and brew two cups of coffee.","Turning on the coffee machine and brewing two cups of coffee."
"Preheat the oven to 375°F and turn it off after 30 minutes.","Preheating the oven to 375°F and turning it off after 30 minutes."
"Set the robot vacuum to clean only the kitchen and living room.","Setting the robot vacuum to clean the kitchen and living room."
"Stop the music after the next song finishes.","Stopping the music after the next song finishes."
"Resume the podcast where I left off yesterday.","Resuming the podcast where you left off yesterday."
"Play some classical music on all speakers.","Playing classical music on all speakers."
"Set the living room TV to Netflix and turn it off after 2 hours.","Setting the living room TV to Netflix and turning it off after 2 hours."
"Turn off all media devices in the house.","Turning off all media devices in the house."
"Lock the back door and check if the garage door is closed.","Locking the back door and checking if the garage door is closed."
"Set the house to lock all doors at 10 PM automatically.","Setting all doors to lock automatically at 10 PM."
"Unlock the front door and send a notification to my phone.","Unlocking the front door and sending a notification to your phone."
"Enable the alarm system in home mode.","Enabling the alarm system in home mode."
"Disarm the security system when I enter the garage.","Disarming the security system when you enter the garage."
"Is the front doorbell camera recording?","Yes, the front doorbell camera is currently recording."
"Send me a live feed from the backyard camera.","Sending you a live feed from the backyard camera."
"Turn on the motion sensor lights in the driveway for the next hour.","Turning on the motion sensor lights in the driveway for the next hour."
"Lock all the windows and doors in the house.","Locking all windows and doors in the house."
"Notify me if the front door is opened after midnight.","Setting a notification for if the front door opens after midnight."
"Turn on the thermostat to eco mode.","Turning on the thermostat to eco mode."
"Lower the bedroom temperature by 4 degrees at midnight.","Setting the bedroom temperature to lower by 4 degrees at midnight."
"Set the living room temperature to 72°F for the next 4 hours.","Setting the living room temperature to 72°F for the next 4 hours."
"Activate the heat when the outside temperature falls below 60°F.","Heat will be activated when the outside temperature falls below 60°F."
"Turn off the air conditioner when I leave the house.","Turning off the air conditioner when you leave the house."
"Turn on the humidifier if the humidity drops below 40%.","Turning on the humidifier if the humidity drops below 40%."
"Set the bathroom fan to run for 15 minutes after a shower.","Setting the bathroom fan to run for 15 minutes after a shower."
"Turn on the ceiling fan in the bedroom at medium speed.","Turning on the ceiling fan in the bedroom at medium speed."
"Turn off the living room fan if the room reaches 72°F.","Turning off the living room fan if the temperature reaches 72°F."
"What's the air quality in the master bedroom?","The air quality in the master bedroom is good."
"Turn on the lights in the living room and kitchen.","Turning on the lights in the living room and kitchen."
"Set the living room lights to a warm color.","Setting the living room lights to a warm color."
"Turn off the lights in the entire house except the bedroom.","Turning off all lights except the bedroom."
"Set a timer to turn off the hallway lights in 10 minutes.","Setting a timer to turn off the hallway lights in 10 minutes."
"Turn off the bathroom lights after I leave.","Turning off the bathroom lights after you leave."
"Turn the garden lights on at sunset every day.","Setting the garden lights to turn on at sunset every day."
"Flash the porch lights twice.","Flashing the porch lights twice."
"Set the living room lights to movie mode.","Setting the living room lights to movie mode."
"Turn on the reading lamp and dim it to 25%.","Turning on the reading lamp and dimming it to 25%."
"Set the living room lights to a blue shade.","Setting the living room lights to a blue shade."
"Turn on only the floor lamps in the living room.","Turning on only the floor lamps in the living room."